case_name,node_num,value
Compiler,1,1
Compiler,2,1
Compiler,3,1
top,1,1
top,2,1
top,3,1
ps,1,1
ps,2,1
ps,3,1
iostat,1,1
iostat,2,1
iostat,3,1
interrupts,1,1
interrupts,2,1
interrupts,3,1
getrandom,1,1
getrandom,2,1
getrandom,3,1
ring-test,1,1
ring-test,2,1
ring-test,3,1
unalign,1,1
unalign,2,1
unalign,3,1
kernel_madd_support_check,1,1
kernel_madd_support_check,2,1
kernel_madd_support_check,3,1
audit-write,1,1
audit-write,2,1
audit-write,3,1
auditctl,1,1
auditctl,2,1
auditctl,3,1
cpu_occupy,1,1
cpu_occupy,2,1
cpu_occupy,3,1
kernel_interrupts_count,1,1
kernel_interrupts_count,2,1
kernel_interrupts_count,3,1
kernel_ll_sc,1,1
kernel_ll_sc,2,1
kernel_ll_sc,3,1
unaligned_instructions,1,1
unaligned_instructions,2,1
unaligned_instructions,3,1
fpuemustats,1,1
fpuemustats,2,1
fpuemustats,3,1
compiler_ll_sc,1,1
compiler_ll_sc,2,1
compiler_ll_sc,3,1
filesystem_ll_sc,1,1
filesystem_ll_sc,2,1
filesystem_ll_sc,3,1
arpd,1,1
arpd,2,1
arpd,3,1
bridge,1,1
bridge,2,1
bridge,3,1
cbq,1,1
cbq,2,1
cbq,3,1
net_service,1,1
net_service,2,1
net_service,3,1
net_setting,1,1
net_setting,2,1
net_setting,3,1
c,1,1
c,2,1
c,3,1
c++,1,1
c++,2,1
c++,3,1
java,1,1
java,2,1
java,3,1
lua,1,1
lua,2,1
lua,3,1
perl,1,1
perl,2,1
perl,3,1
php,1,1
php,2,1
php,3,1
ruby,1,1
ruby,2,1
ruby,3,1
go,1,1
go,2,1
go,3,1
docker_search_pull_start,1,1
docker_search_pull_start,2,1
docker_search_pull_start,3,1
run_stop_rm,1,1
run_stop_rm,2,1
run_stop_rm,3,1
container_export_import,1,1
container_export_import,2,1
container_export_import,3,1
images_export_import,1,1
images_export_import,2,1
images_export_import,3,1
docker_namespace_net,1,1
docker_namespace_net,2,1
docker_namespace_net,3,1
docker_namespace_pid,1,1
docker_namespace_pid,2,1
docker_namespace_pid,3,1
docker_log,1,1
docker_log,2,1
docker_log,3,1
docker_rmi,1,1
docker_rmi,2,1
docker_rmi,3,1
rpm_list_check,1,1
rpm_list_check,2,1
rpm_list_check,3,1
rpm_installed_check,1,1
rpm_installed_check,2,1
rpm_installed_check,3,1
rpm_list_info_check,1,1
rpm_list_info_check,2,1
rpm_list_info_check,3,1
rpm_installed_info_check,1,1
rpm_installed_info_check,2,1
rpm_installed_info_check,3,1
luajit,1,1
luajit,2,1
luajit,3,1
crond,1,1
crond,2,1
crond,3,1
fstab,1,1
fstab,2,1
fstab,3,1
ethtool,1,1
ethtool,2,1
ethtool,3,1
mii-tool,1,1
mii-tool,2,1
mii-tool,3,1
mongodb,1,1
mongodb,2,1
mongodb,3,1
ping,1,1
ping,2,1
ping,3,1
wget,1,1
wget,2,1
wget,3,1
iozone,1,1
iozone,2,1
iozone,3,1
disk_unzip_copy,1,1
disk_unzip_copy,2,1
disk_unzip_copy,3,1
netperf,1,1
netperf,2,1
netperf,3,1
netperf_direct,1,1
netperf_direct,2,1
netperf_direct,3,1
scp-dir,1,1
scp-dir,2,1
scp-dir,3,1
lmbench,1,1
lmbench,2,1
lmbench,3,1
stream,1,1
stream,2,1
stream,3,1
UnixBench,1,1
UnixBench,2,1
UnixBench,3,1
stressapp,1,1
stressapp,2,1
stressapp,3,1
scp-2,1,1
scp-2,2,1
scp-2,3,1
scp-1,1,1
scp-1,2,1
scp-1,3,1
spec2000-1core,1,1
spec2000-1core,2,1
spec2000-1core,3,1
spec2000-ncore,1,1
spec2000-ncore,2,1
spec2000-ncore,3,1
spec2006-1core,1,1
spec2006-1core,2,1
spec2006-1core,3,1
spec2006-ncore,1,1
spec2006-ncore,2,1
spec2006-ncore,3,1
runltp,1,1
runltp,2,1
runltp,3,1
scp-BigFile,1,1
scp-BigFile,2,1
scp-BigFile,3,1
ltpstress,1,1
ltpstress,2,1
ltpstress,3,1
IOstress,1,1
IOstress,2,1
IOstress,3,1
gcc,1,1
gcc,2,1
gcc,3,1
glibc,1,1
glibc,2,1
glibc,3,1
binutils,1,1
binutils,2,1
binutils,3,1
openSSL,1,1
openSSL,2,1
openSSL,3,1
SpecJvm2008,1,1
SpecJvm2008,2,1
SpecJvm2008,3,1
